200,day,wi-day-thunderstorm.png
200,general,wi-thunderstorm.png
200,night,wi-night-alt-thunderstorm.png
201,day,wi-day-thunderstorm.png
201,general,wi-thunderstorm.png
201,night,wi-night-alt-thunderstorm.png
202,day,wi-day-thunderstorm.png
202,general,wi-thunderstorm.png
202,night,wi-night-alt-thunderstorm.png
210,day,wi-day-lightning.png
210,general,wi-lightning.png
210,night,wi-night-alt-lightning.png
211,day,wi-day-lightning.png
211,general,wi-lightning.png
211,night,wi-night-alt-lightning.png
212,day,wi-day-lightning.png
212,general,wi-lightning.png
212,night,wi-night-alt-lightning.png
221,day,wi-day-lightning.png
221,general,wi-lightning.png
221,night,wi-night-alt-lightning.png
230,day,wi-day-thunderstorm.png
230,general,wi-thunderstorm.png
230,night,wi-night-alt-thunderstorm.png
231,day,wi-day-thunderstorm.png
231,general,wi-thunderstorm.png
231,night,wi-night-alt-thunderstorm.png
232,day,wi-day-thunderstorm.png
232,general,wi-thunderstorm.png
232,night,wi-night-alt-thunderstorm.png
300,day,wi-day-sprinkle.png
300,general,wi-sprinkle.png
300,night,wi-night-alt-sprinkle.png
301,day,wi-day-sprinkle.png
301,general,wi-sprinkle.png
301,night,wi-night-alt-sprinkle.png
302,day,wi-day-rain.png
302,general,wi-rain.png
302,night,wi-night-alt-rain.png
310,day,wi-day-rain.png
310,general,wi-rain-mix.png
310,night,wi-night-alt-rain.png
311,day,wi-day-rain.png
311,general,wi-rain.png
311,night,wi-night-alt-rain.png
312,day,wi-day-rain.png
312,general,wi-rain.png
312,night,wi-night-alt-rain.png
313,day,wi-day-rain.png
313,general,wi-showers.png
313,night,wi-night-alt-rain.png
314,day,wi-day-rain.png
314,general,wi-rain.png
314,night,wi-night-alt-rain.png
321,day,wi-day-sprinkle.png
321,general,wi-sprinkle.png
321,night,wi-night-alt-sprinkle.png
500,day,wi-day-sprinkle.png
500,general,wi-sprinkle.png
500,night,wi-night-alt-sprinkle.png
501,day,wi-day-rain.png
501,general,wi-rain.png
501,night,wi-night-alt-rain.png
502,day,wi-day-rain.png
502,general,wi-rain.png
502,night,wi-night-alt-rain.png
503,day,wi-day-rain.png
503,general,wi-rain.png
503,night,wi-night-alt-rain.png
504,day,wi-day-rain.png
504,general,wi-rain.png
504,night,wi-night-alt-rain.png
511,day,wi-day-rain-mix.png
511,general,wi-rain-mix.png
511,night,wi-night-alt-rain-mix.png
520,day,wi-day-showers.png
520,general,wi-showers.png
520,night,wi-night-alt-showers.png
521,day,wi-day-showers.png
521,general,wi-showers.png
521,night,wi-night-alt-showers.png
522,day,wi-day-showers.png
522,general,wi-showers.png
522,night,wi-night-alt-showers.png
531,day,wi-day-storm-showers.png
531,general,wi-storm-showers.png
531,night,wi-night-alt-storm-showers.png
600,day,wi-day-snow.png
600,general,wi-snow.png
600,night,wi-night-alt-snow.png
601,day,wi-day-sleet.png
601,general,wi-snow.png
601,night,wi-night-alt-sleet.png
602,day,wi-day-snow.png
602,general,wi-sleet.png
602,night,wi-night-alt-snow.png
611,day,wi-day-rain-mix.png
611,general,wi-rain-mix.png
611,night,wi-night-alt-rain-mix.png
612,day,wi-day-rain-mix.png
612,general,wi-rain-mix.png
612,night,wi-night-alt-rain-mix.png
615,day,wi-day-rain-mix.png
615,general,wi-rain-mix.png
615,night,wi-night-alt-rain-mix.png
616,day,wi-day-rain-mix.png
616,general,wi-rain-mix.png
616,night,wi-night-alt-rain-mix.png
620,day,wi-day-rain-mix.png
620,general,wi-rain-mix.png
620,night,wi-night-alt-rain-mix.png
621,day,wi-day-snow.png
621,general,wi-snow.png
621,night,wi-night-alt-snow.png
622,day,wi-day-snow.png
622,general,wi-snow.png
622,night,wi-night-alt-snow.png
701,day,wi-day-showers.png
701,general,wi-showers.png
701,night,wi-night-alt-showers.png
711,day,wi-smoke.png
711,general,wi-smoke.png
711,night,wi-smoke.png
721,day,wi-day-haze.png
721,general,wi-day-haze.png
721,night,wi-day-haze.png
731,day,wi-dust.png
731,general,wi-dust.png
731,night,wi-dust.png
741,day,wi-day-fog.png
741,general,wi-fog.png
741,night,wi-night-fog.png
761,day,wi-dust.png
761,general,wi-dust.png
761,night,wi-dust.png
762,day,wi-dust.png
762,general,wi-dust.png
762,night,wi-dust.png
771,general,wi-cloudy-gusts.png
781,day,wi-tornado.png
781,general,wi-tornado.png
781,night,wi-tornado.png
800,day,wi-day-sunny.png
800,general,wi-day-sunny.png
800,night,wi-night-clear.png
801,day,wi-day-cloudy-gusts.png
801,general,wi-cloudy-gusts.png
801,night,wi-night-alt-cloudy-gusts.png
802,day,wi-day-cloudy-gusts.png
802,general,wi-cloudy-gusts.png
802,night,wi-night-alt-cloudy-gusts.png
803,day,wi-day-cloudy-gusts.png
803,general,wi-cloudy-gusts.png
803,night,wi-night-alt-cloudy-gusts.png
804,day,wi-day-sunny-overcast.png
804,general,wi-cloudy.png
804,night,wi-night-alt-cloudy.png
900,day,wi-tornado.png
900,general,wi-tornado.png
900,night,wi-tornado.png
901,general,wi-storm-showers.png
902,day,wi-hurricane.png
902,general,wi-hurricane.png
902,night,wi-hurricane.png
903,day,wi-snowflake-cold.png
903,general,wi-snowflake-cold.png
903,night,wi-snowflake-cold.png
904,day,wi-hot.png
904,general,wi-hot.png
904,night,wi-hot.png
905,general,wi-windy.png
906,day,wi-day-hail.png
906,general,wi-hail.png
906,night,wi-night-alt-hail.png
957,day,wi-strong-wind.png
957,general,wi-strong-wind.png
957,night,wi-strong-wind.png